lat,lon,acc,bear,bearAcc,mag_x,mag_y,mag_z,heading,33_dbm,25_dbm,189_dbm,200_dbm,208_dbm,181_dbm,188_dbm,246_dbm,timestamp,intersection_points,label
24.7893922,120.9950506,9.781000137329102,353.3658752441406,0.0,-22.98,-3.4199998,-28.439999,-110.83731,-92,-94,-98,0,0,0,0,0,16,0,0
24.7893922,120.9950506,9.781000137329102,353.3658752441406,0.0,-10.62,-11.099999,-36.899998,-114.474205,-92,-94,-98,0,0,0,0,0,16,0,0
24.7894154,120.9950378,9.805999755859375,348.973876953125,0.0,-19.08,22.859999,-14.759999,26.899612,-92,-94,-98,0,0,0,0,0,16,0,0
24.7894154,120.9950378,9.805999755859375,348.973876953125,0.0,-19.859999,9.9,-25.8,-3.3860579,-92,-94,-98,0,0,0,0,0,16,0,0
24.7894281,120.995032,9.800999641418457,347.9521789550781,0.0,-2.6399999,-8.7,-39.18,-27.224869,-92,-94,-98,0,0,0,0,0,16,0,0
24.7894281,120.995032,9.800999641418457,347.9521789550781,0.0,-11.04,15.9,-29.16,-58.28331,-92,-94,-98,0,0,0,0,0,16,0,0
24.7894281,120.995032,9.800999641418457,347.9521789550781,0.0,-11.219999,31.5,-4.74,55.020077,-92,-94,-98,0,0,0,0,0,16,0,0
24.7894281,120.995032,9.800999641418457,347.9521789550781,0.0,-24.18,5.94,-24.0,-90.50212,-92,-94,-98,0,0,0,0,0,16,0,0
24.7894494,120.9950195,9.902999877929688,345.3147277832031,0.0,-17.1,-20.46,-29.82,8.219882,-92,-94,-98,0,0,0,0,0,16,0,0
24.7894494,120.9950195,9.902999877929688,345.3147277832031,0.0,-11.28,24.96,-16.68,-14.538316,-92,-94,-98,0,0,0,0,0,16,0,0
24.7894669,120.9950085,9.881999969482422,343.0196533203125,0.0,-13.0199995,28.439999,-2.76,41.829914,-92,-94,-98,0,0,0,0,0,16,0,0
24.7894669,120.9950085,9.881999969482422,343.0196533203125,0.0,-19.68,-2.82,-27.119999,-123.87415,-92,-94,-98,0,0,0,0,0,16,0,0
24.7894669,120.9950085,9.881999969482422,343.0196533203125,0.0,-14.04,-15.24,-31.92,-109.430954,-92,-94,-98,0,0,0,0,0,16,0,0
24.7894842,120.9949967,9.857000350952148,340.528076171875,0.0,-11.04,25.439999,-14.58,-1.8727739,-92,-94,-98,0,0,0,0,0,16,0,0
24.789609,120.9949024,9.793000221252441,324.8044738769531,0.0,-15.78,-20.4,-33.18,-120.054565,-93,-88,0,-91,0,0,0,0,16,0,0
24.789609,120.9949024,9.793000221252441,324.8044738769531,0.0,-17.82,18.3,-23.46,20.953217,-93,-88,0,-91,0,0,0,0,16,0,0
24.7896183,120.9948855,9.831000328063965,320.77166748046875,0.0,-20.64,1.38,-31.08,-73.74782,-93,-88,0,-91,0,0,0,0,16,0,0
24.7896183,120.9948855,9.831000328063965,320.77166748046875,0.0,-8.88,-27.72,-34.92,77.86106,-93,-88,0,-91,0,0,0,0,16,0,0
24.7896283,120.9948736,9.812000274658203,319.552490234375,0.0,-20.699999,-0.12,-32.7,-89.61444,-93,-88,0,-91,0,0,0,0,16,0,0
24.7896283,120.9948736,9.812000274658203,319.552490234375,0.0,-11.7,21.6,-25.26,73.9608,-93,-88,0,-91,0,0,0,0,16,0,0
24.7896283,120.9948736,9.812000274658203,319.552490234375,0.0,-14.88,-3.1799998,-35.94,-97.16552,-93,-88,0,-91,0,0,0,0,16,0,0
24.7896283,120.9948736,9.812000274658203,319.552490234375,0.0,-0.48,-29.82,-34.02,96.79556,-93,-88,0,-91,0,0,0,0,16,0,0
24.7896381,120.994857,9.821000099182129,316.3519592285156,0.0,-17.76,-4.3199997,-34.32,-94.99088,-93,-88,0,-91,0,0,0,0,16,0,0
24.7896381,120.994857,9.821000099182129,316.3519592285156,0.0,-17.1,20.4,-21.72,52.28895,-93,-88,0,-91,0,0,0,0,16,0,0
24.7896474,120.9948444,9.819999694824219,315.49365234375,0.0,-12.599999,-15.96,-34.86,-127.93764,-93,-88,0,-91,0,0,0,0,16,0,0
24.7896716,120.9947946,9.777000427246094,310.1900634765625,0.0,-14.94,9.3,-25.14,36.869728,-94,-89,0,0,-96,0,0,0,16,0,0
24.7896716,120.9947946,9.777000427246094,310.1900634765625,0.0,-12.599999,-9.36,-31.56,-111.376656,-94,-89,0,0,-96,0,0,0,16,0,0
24.7896796,120.9947774,9.720000267028809,308.7149963378906,0.0,1.5,-41.04,-22.5,118.56038,-94,-89,0,0,-96,0,0,0,16,0,0
24.7896796,120.9947774,9.720000267028809,308.7149963378906,0.0,-20.16,1.14,-25.439999,-79.84162,-94,-89,0,0,-96,0,0,0,16,0,0
24.7896796,120.9947774,9.720000267028809,308.7149963378906,0.0,-9.12,16.859999,-23.22,-6.7723584,-94,-89,0,0,-96,0,0,0,16,0,0
24.7896859,120.9947614,9.593000411987305,307.1761169433594,0.0,16.68,-18.42,-36.3,-113.52782,-94,-89,0,0,-96,0,0,0,16,0,0
24.7896859,120.9947614,9.593000411987305,307.1761169433594,0.0,28.14,-12.54,-28.439999,-119.366325,-94,-89,0,0,-96,0,0,0,16,0,0
24.7896904,120.9947471,9.647000312805176,305.5577697753906,0.0,23.46,1.56,-33.48,-48.694977,-94,-89,0,0,-96,0,0,0,16,0,0
24.7896904,120.9947471,9.647000312805176,305.5577697753906,0.0,24.3,5.8799996,-31.199999,-63.638123,-94,-89,0,0,-96,0,0,0,16,0,0
24.7896904,120.9947471,9.647000312805176,305.5577697753906,0.0,30.3,0.12,-29.16,-79.818985,-94,-89,0,0,-96,0,0,0,16,0,0
24.789696,120.9947357,9.706999778747559,305.8113098144531,0.0,31.26,-4.2599998,-27.84,-96.86571,-94,-89,0,0,-96,0,0,0,16,0,0
24.789696,120.9947357,9.706999778747559,305.8113098144531,0.0,25.56,3.3,-33.0,-52.215916,-94,-89,0,0,-96,0,0,0,16,0,0
24.789696,120.9947357,9.706999778747559,305.8113098144531,0.0,26.939999,4.56,-32.88,-36.530445,-94,-89,0,0,-96,0,0,0,16,0,0
24.789696,120.9947357,9.706999778747559,305.8113098144531,0.0,30.42,-0.06,-29.279999,-90.33415,-94,-89,0,0,-96,0,0,0,16,0,0
24.789696,120.9947357,9.706999778747559,305.8113098144531,0.0,29.4,-3.48,-29.46,-81.43112,-94,-89,0,0,-96,0,0,0,16,0,0
24.7897009,120.9947207,9.692999839782715,305.84222412109375,0.0,27.24,0.17999999,-32.94,8.184406,-94,-89,0,0,-96,0,0,0,16,0,0
24.7897009,120.9947207,9.692999839782715,305.84222412109375,0.0,30.84,-4.2,-28.019999,-80.71559,-94,-89,0,0,-96,0,0,0,16,0,0
24.7897009,120.9947207,9.692999839782715,305.84222412109375,0.0,32.1,-9.48,-26.16,-106.567444,-94,-89,0,0,-96,0,0,0,16,0,0
24.7897009,120.9947207,9.692999839782715,305.84222412109375,0.0,28.859999,-11.58,-29.279999,-86.92781,-94,-89,0,0,-96,0,0,0,16,0,0
24.7897009,120.9947207,9.692999839782715,305.84222412109375,0.0,28.08,-7.3799996,-30.0,-84.30888,-94,-89,0,0,-96,0,0,0,16,0,0
24.7897074,120.994689,9.619999885559082,304.042236328125,0.0,34.44,-9.54,-24.779999,-85.967964,-94,-89,0,0,-96,0,0,0,16,0,0
24.7897074,120.994689,9.619999885559082,304.042236328125,0.0,32.52,-11.5199995,-26.099998,-103.62807,-94,-89,0,0,-96,0,0,0,16,0,0
24.7897074,120.994689,9.619999885559082,304.042236328125,0.0,26.039999,0.17999999,-32.16,-49.10149,-94,-89,0,0,-96,0,0,0,16,0,0
24.7897074,120.994689,9.619999885559082,304.042236328125,0.0,29.279999,-0.59999996,-30.119999,-47.680645,-94,-89,0,0,-96,0,0,0,16,0,0
24.7897041,120.9946646,9.722000122070312,300.5168151855469,0.0,32.579998,-14.94,-23.22,-111.4265,-94,-89,0,0,-96,0,0,0,16,0,0
24.7897051,120.9946462,9.809000015258789,298.7627868652344,0.0,31.38,-12.96,-27.06,-107.941795,-94,-89,0,0,-96,0,0,0,16,0,0
24.7897051,120.9946462,9.809000015258789,298.7627868652344,0.0,12.48,7.5,-39.54,6.0447087,-94,-89,0,0,-96,0,0,0,16,0,0
24.7897051,120.9946462,9.809000015258789,298.7627868652344,0.0,6.96,-2.1599998,-39.3,-38.421497,-94,-89,0,0,-96,0,0,0,16,0,0
24.7897005,120.9946232,9.890999794006348,295.63323974609375,0.0,15.78,-29.4,-23.88,12.709295,-94,-89,0,0,-96,0,0,0,16,0,0
24.7897005,120.9946232,9.890999794006348,295.63323974609375,0.0,-2.6399999,-22.14,-33.66,-123.27067,-94,-89,0,0,-96,0,0,0,16,0,0
24.7897005,120.9946232,9.890999794006348,295.63323974609375,0.0,-17.039999,4.7999997,-37.2,46.86854,-94,-89,0,0,-96,0,0,0,16,0,0
24.7896959,120.9946023,9.946999549865723,292.5597839355469,0.0,-9.24,-11.34,-37.559998,-90.73563,-94,-89,0,0,-96,0,0,0,16,0,0
24.7896688,120.9945074,9.894000053405762,276.3519592285156,0.0,-27.24,3.0,-30.96,58.427174,-94,0,-98,0,0,-85,0,0,16,0,0
24.7896688,120.9945074,9.894000053405762,276.3519592285156,0.0,-14.639999,-14.88,-33.719997,-110.16155,-94,0,-98,0,0,-85,0,0,16,0,0
24.7896688,120.9945074,9.894000053405762,276.3519592285156,0.0,4.44,-36.78,-15.719999,154.0529,-94,0,-98,0,0,-85,0,0,16,0,0
24.7896613,120.9944894,9.895000457763672,273.1420593261719,0.0,-8.099999,-26.46,-28.619999,-138.88255,-94,0,-98,0,0,-85,0,0,16,0,0
24.7896613,120.9944894,9.895000457763672,273.1420593261719,0.0,-9.9,-5.64,-40.079998,79.00774,-94,0,-98,0,0,-85,0,0,16,0,0
24.7896613,120.9944894,9.895000457763672,273.1420593261719,0.0,3.48,-34.14,-21.48,-149.72198,-94,0,-98,0,0,-85,0,0,16,0,0
24.7896613,120.9944894,9.895000457763672,273.1420593261719,0.0,5.04,-38.879997,-9.599999,-169.55771,-94,0,-98,0,0,-85,0,0,16,0,0
24.78965,120.9944706,9.909000396728516,268.5744323730469,0.0,-10.62,-15.42,-36.66,-67.692245,-94,0,-98,0,0,-85,0,0,16,0,0
24.78965,120.9944706,9.909000396728516,268.5744323730469,0.0,-13.98,-4.3199997,-38.64,-18.23786,-94,0,-98,0,0,-85,0,0,16,0,0
24.7896457,120.9944551,9.956000328063965,267.6981506347656,0.0,4.98,-30.3,-26.939999,-135.69939,-94,0,-98,0,0,-85,0,0,16,0,0
24.7896457,120.9944551,9.956000328063965,267.6981506347656,0.0,8.88,-33.66,-21.06,-145.86166,-94,0,-98,0,0,-85,0,0,16,0,0
24.7896457,120.9944551,9.956000328063965,267.6981506347656,0.0,-3.1799998,-7.56,-40.2,13.696105,-94,0,-98,0,0,-85,0,0,16,0,0
24.7896457,120.9944551,9.956000328063965,267.6981506347656,0.0,1.68,-23.34,-33.239998,-71.070816,-94,0,-98,0,0,-85,0,0,16,0,0
24.7896366,120.9944377,9.996000289916992,265.1263427734375,0.0,10.44,-37.5,-11.16,179.20718,-94,0,-98,0,0,-85,0,0,16,0,0
24.7896366,120.9944377,9.996000289916992,265.1263427734375,0.0,0.59999996,-31.859999,-24.6,-141.96222,-94,0,-98,0,0,-85,0,0,16,0,0
24.7896328,120.9944232,10.01099967956543,264.1443176269531,0.0,-4.2599998,-10.38,-39.66,46.459553,-94,0,-98,0,0,-85,0,0,16,0,0
24.7896328,120.9944232,10.01099967956543,264.1443176269531,0.0,7.02,-30.96,-24.24,-140.0504,-94,0,-98,0,0,-85,0,0,16,0,0
24.7896328,120.9944232,10.01099967956543,264.1443176269531,0.0,8.7,-39.78,-7.5,170.60068,-94,0,-98,0,0,-85,0,0,16,0,0
24.7896238,120.9944063,10.01200008392334,261.48760986328125,0.0,5.2799997,-27.06,-30.359999,-123.12809,-94,0,-98,0,0,-85,0,0,16,0,0
24.7896238,120.9944063,10.01200008392334,261.48760986328125,0.0,3.06,-18.119999,-36.6,24.2657,-94,0,-98,0,0,-85,0,0,16,0,0
24.7896176,120.9943911,9.925000190734863,260.11761474609375,0.0,18.119999,-35.34,-11.34,-145.25974,-94,0,-98,0,0,-85,0,0,16,0,0
24.7896176,120.9943911,9.925000190734863,260.11761474609375,0.0,2.7,-40.379997,-6.12,-169.18817,0,0,-89,0,-93,-88,0,0,16,0,0
24.7896176,120.9943911,9.925000190734863,260.11761474609375,0.0,-5.1,-16.68,-37.38,-21.477531,0,0,-89,0,-93,-88,0,0,16,0,0
24.7896176,120.9943911,9.925000190734863,260.11761474609375,0.0,-0.42,-20.46,-36.12,-114.02376,0,0,-89,0,-93,-88,0,0,16,0,0
24.7896093,120.9943781,9.939000129699707,257.892333984375,0.0,15.9,-37.559998,-10.679999,-156.2597,0,0,-89,0,-93,-88,0,0,16,0,0
24.7896093,120.9943781,9.939000129699707,257.892333984375,0.0,5.52,-34.5,-19.08,-149.99245,0,0,-89,0,-93,-88,0,0,16,0,0
24.7895999,120.9943634,9.888999938964844,255.62054443359375,0.0,-0.42,-17.76,-36.48,41.491142,0,0,-89,0,-93,-88,0,0,16,0,0
24.7895999,120.9943634,9.888999938964844,255.62054443359375,0.0,11.16,-30.96,-24.9,-127.770874,0,0,-89,0,-93,-88,0,0,16,0,0
24.7895999,120.9943634,9.888999938964844,255.62054443359375,0.0,15.599999,-39.36,-0.65999997,138.96567,0,0,-89,0,-93,-88,0,0,16,0,0
24.7895899,120.9943483,9.809000015258789,253.12681579589844,0.0,-6.18,-33.78,-20.58,-153.10847,0,0,-89,0,-93,-88,0,0,16,0,0
24.7895899,120.9943483,9.809000015258789,253.12681579589844,0.0,-7.56,-16.619999,-36.239998,101.97069,0,0,-89,0,-93,-88,0,0,16,0,0
24.7895899,120.9943483,9.809000015258789,253.12681579589844,0.0,10.38,-34.98,-17.699999,-148.62468,0,0,-89,0,-93,-88,0,0,16,0,0
24.7895805,120.9943346,9.736000061035156,250.9696044921875,0.0,10.0199995,-40.26,-0.06,163.77785,0,0,-89,0,-93,-88,0,0,16,0,0
24.7895805,120.9943346,9.736000061035156,250.9696044921875,0.0,1.62,-28.38,-28.98,-105.24574,0,0,-89,0,-93,-88,0,0,16,0,0
24.7895805,120.9943346,9.736000061035156,250.9696044921875,0.0,4.5,-22.859999,-32.88,-75.55579,0,0,-92,0,-91,-82,0,0,16,0,0
24.7895718,120.9943215,9.593000411987305,249.2141876220703,0.0,18.42,-38.64,-5.4,-156.84418,0,0,-92,0,-91,-82,0,0,16,0,0
24.7895718,120.9943215,9.593000411987305,249.2141876220703,0.0,7.5,-41.28,-0.9,-174.32904,0,0,-92,0,-91,-82,0,0,16,0,0
24.7895628,120.9943076,9.604000091552734,247.43653869628906,0.0,1.1999999,-26.22,-31.019999,-12.653947,0,0,-92,0,-91,-82,0,0,16,0,0
24.7895628,120.9943076,9.604000091552734,247.43653869628906,0.0,6.96,-29.34,-26.64,-122.811134,0,0,-92,0,-91,-82,0,0,16,0,0
24.7895628,120.9943076,9.604000091552734,247.43653869628906,0.0,13.679999,-39.54,1.4399999,145.33012,0,0,-92,0,-91,-82,0,0,16,0,0
24.7895539,120.994294,9.626999855041504,245.83160400390625,0.0,3.0,-39.18,-11.94,-161.64786,0,0,-92,0,-91,-82,0,0,16,0,0
24.7895539,120.994294,9.626999855041504,245.83160400390625,0.0,2.1599998,-20.4,-34.38,110.710915,0,0,-92,0,-91,-82,0,0,16,0,0
24.7895539,120.994294,9.626999855041504,245.83160400390625,0.0,12.12,-34.8,-18.96,-146.10258,0,0,-92,0,-91,-82,0,0,16,0,0
24.7895436,120.9942799,9.53499984741211,244.16371154785156,0.0,5.46,-40.62,5.8799996,168.23718,0,0,-92,0,-91,-82,0,0,16,0,0
24.7895436,120.9942799,9.53499984741211,244.16371154785156,0.0,1.92,-32.94,-22.32,-152.48077,0,0,-92,0,-91,-82,0,0,16,0,0
24.789532,120.9942666,9.53600025177002,242.15367126464844,0.0,8.04,-23.039999,-32.219997,104.92054,0,0,-92,0,-91,-82,0,0,16,0,0
24.789532,120.9942666,9.53600025177002,242.15367126464844,0.0,18.72,-38.579998,-5.16,-158.12785,0,0,-92,0,-91,-82,0,0,16,0,0
24.7894683,120.9942058,9.916999816894531,232.4163360595703,0.0,1.38,-41.28,1.62,176.85788,0,0,0,-90,-84,-85,0,0,16,0,0
24.7894534,120.9941947,9.967000007629395,230.29270935058594,0.0,4.98,-30.24,-26.099998,128.54646,0,0,0,-90,-84,-85,0,0,16,0,0
24.7894534,120.9941947,9.967000007629395,230.29270935058594,0.0,12.96,-38.76,-9.78,-148.03943,0,0,0,-90,-84,-85,0,0,16,0,0
24.7894534,120.9941947,9.967000007629395,230.29270935058594,0.0,6.66,-41.46,10.26,168.22829,0,0,0,-90,-84,-85,0,0,16,0,0
24.7894371,120.9941861,9.980999946594238,227.15440368652344,0.0,7.2,-39.12,-6.8399997,-163.89755,0,0,0,-90,-84,-85,0,0,16,0,0
24.7894371,120.9941861,9.980999946594238,227.15440368652344,0.0,10.38,-35.16,-18.66,140.83293,0,0,0,-90,-84,-85,0,0,16,0,0
24.7894261,120.9941775,10.060999870300293,226.0955047607422,0.0,10.98,-41.1,4.44,-172.77248,0,0,0,-90,-84,-85,0,0,16,0,0
24.7894261,120.9941775,10.060999870300293,226.0955047607422,0.0,-0.06,-40.86,10.5,165.05992,0,0,0,-90,-84,-85,0,0,16,0,0
24.7894261,120.9941775,10.060999870300293,226.0955047607422,0.0,4.74,-38.1,-15.24,-136.71141,0,0,0,-90,-84,-85,0,0,16,0,0
24.7894261,120.9941775,10.060999870300293,226.0955047607422,0.0,7.08,-39.48,-11.5199995,-161.74089,0,0,0,-90,-84,-85,0,0,16,0,0
24.789411,120.9941716,10.14900016784668,223.22665405273438,0.0,6.0,-41.52,11.04,166.15317,0,0,0,-90,-84,-85,0,0,16,0,0
24.789411,120.9941716,10.14900016784668,223.22665405273438,0.0,-0.59999996,-42.36,8.28,168.22124,0,0,0,-90,-84,-85,0,0,16,0,0
24.7893981,120.9941626,10.208999633789062,222.2742919921875,0.0,6.24,-36.84,-19.859999,162.89511,0,0,0,-90,-84,-85,0,0,16,0,0
24.7893981,120.9941626,10.208999633789062,222.2742919921875,0.0,10.38,-41.64,2.76,-170.52745,0,0,0,-90,-84,-85,0,0,16,0,0
24.7893981,120.9941626,10.208999633789062,222.2742919921875,0.0,4.3199997,-40.44,14.82,152.77403,0,0,0,-90,-84,-85,0,0,16,0,0
24.7893841,120.9941568,10.196000099182129,220.31939697265625,0.0,-4.38,-41.94,-4.68,-178.35521,0,0,0,-90,-84,-85,0,0,16,0,0
24.7894944,120.9950491,9.902999877929688,349.4963073730469,0.0,-13.32,-4.56,-38.7,-13.193034,-92,-90,-97,0,0,0,0,0,16,0,0
24.7894944,120.9950491,9.902999877929688,349.4963073730469,0.0,-24.84,22.08,-25.439999,-29.368109,-92,-90,-97,0,0,0,0,0,16,0,0
24.7894944,120.9950491,9.902999877929688,349.4963073730469,0.0,-23.88,33.18,-13.259999,91.755295,-92,-90,-97,0,0,0,0,0,16,0,0
24.7895091,120.9950376,9.97599983215332,346.6881103515625,0.0,-26.22,10.08,-28.74,-57.073376,-92,-90,-97,0,0,0,0,0,16,0,0
24.789523,120.9950292,10.017000198364258,345.2120666503906,0.0,-17.88,-18.06,-30.48,-5.4827137,-92,-90,-97,0,0,0,0,0,16,0,0
24.789523,120.9950292,10.017000198364258,345.2120666503906,0.0,-22.8,27.18,-20.4,3.3911853,-92,-90,-97,0,0,0,0,0,16,0,0
24.789523,120.9950292,10.017000198364258,345.2120666503906,0.0,-31.08,26.279999,-11.58,46.311054,-92,-90,-97,0,0,0,0,0,16,0,0
24.7895369,120.995017,10.126999855041504,342.5245666503906,0.0,-21.3,-8.7,-34.2,-156.97157,-92,-90,-97,0,0,0,0,0,16,0,0
24.7895369,120.995017,10.126999855041504,342.5245666503906,0.0,-22.08,-9.0,-35.52,-102.08112,-92,-90,-97,0,0,0,0,0,16,0,0
24.7895369,120.995017,10.126999855041504,342.5245666503906,0.0,-21.3,31.08,-22.5,-2.0145853,-92,-90,-97,0,0,0,0,0,16,0,0
24.7895369,120.995017,10.126999855041504,342.5245666503906,0.0,-25.8,22.32,-28.38,15.493898,-92,-90,-97,0,0,0,0,0,16,0,0
24.7895512,120.9950025,10.192999839782715,339.77423095703125,0.0,-0.06,-20.22,-34.98,13.513627,-92,-90,-97,0,0,0,0,0,16,0,0
24.7895512,120.9950025,10.192999839782715,339.77423095703125,0.0,-16.619999,-2.3999999,-37.26,-94.56112,-92,-90,-97,0,0,0,0,0,16,0,0
24.789564,120.9949913,10.201000213623047,338.29913330078125,0.0,-28.32,29.699999,-13.62,52.092766,-92,-90,-97,0,0,0,0,0,16,0,0
24.7896369,120.9948968,10.041000366210938,323.9001159667969,0.0,-35.88,15.42,-20.82,82.032196,-87,0,0,-95,0,-89,0,0,16,0,0
24.7896469,120.9948803,9.930999755859375,321.9560546875,0.0,-33.84,-8.22,-25.32,-82.875404,-87,0,0,-95,0,-89,0,0,16,0,0
24.7896469,120.9948803,9.930999755859375,321.9560546875,0.0,-4.5,-33.96,-25.8,85.03133,-87,0,0,-95,0,-89,0,0,16,0,0
24.7896564,120.9948642,9.956999778747559,320.098876953125,0.0,-28.92,8.94,-33.78,-16.35837,-87,0,0,-95,0,-89,0,0,16,0,0
24.7896564,120.9948642,9.956999778747559,320.098876953125,0.0,-35.46,19.56,-21.9,86.58078,-87,0,0,-95,0,-89,0,0,16,0,0
24.7896564,120.9948642,9.956999778747559,320.098876953125,0.0,-13.62,-12.24,-38.82,-121.18793,-87,0,0,-95,0,-89,0,0,16,0,0
24.789692,120.9947812,9.817000389099121,310.60113525390625,0.0,-4.3199997,-30.539999,-24.3,-38.517673,-85,-92,0,0,-89,0,0,0,16,0,0
24.789692,120.9947812,9.817000389099121,310.60113525390625,0.0,-26.4,-14.099999,-27.48,-108.099014,-85,-92,0,0,-89,0,0,0,16,0,0
24.789692,120.9947812,9.817000389099121,310.60113525390625,0.0,-27.539999,11.34,-28.32,78.394,-85,-92,0,0,-89,0,0,0,16,0,0
24.7896955,120.9947652,9.817999839782715,308.316162109375,0.0,-15.839999,-13.679999,-34.02,-107.91093,-85,-92,0,0,-89,0,0,0,16,0,0
24.7896955,120.9947652,9.817999839782715,308.316162109375,0.0,-2.9399998,-30.599998,-24.66,43.002922,-85,-92,0,0,-89,0,0,0,16,0,0
24.7896955,120.9947652,9.817999839782715,308.316162109375,0.0,-26.939999,5.52,-31.019999,-11.355991,-85,-92,0,0,-89,0,0,0,16,0,0
24.7896955,120.9947652,9.817999839782715,308.316162109375,0.0,-28.56,14.16,-27.359999,52.875835,-85,-92,0,0,-89,0,0,0,16,0,0
24.7896975,120.994747,9.892999649047852,305.3364562988281,0.0,-14.7,-11.58,-35.399998,-140.53632,-85,-92,0,0,-89,0,0,0,16,0,0
24.7896975,120.994747,9.892999649047852,305.3364562988281,0.0,-18.0,-15.059999,-32.94,-122.84188,-85,-92,0,0,-89,0,0,0,16,0,0
24.7897033,120.9947318,9.92199993133545,304.5425720214844,0.0,-25.8,21.779999,-24.84,-40.572754,-85,-92,0,0,-89,0,0,0,16,0,0
24.7897033,120.9947318,9.92199993133545,304.5425720214844,0.0,-26.22,18.0,-28.199999,2.4445033,-85,-92,0,0,-89,0,0,0,16,0,0
24.7897033,120.9947318,9.92199993133545,304.5425720214844,0.0,-3.0,-22.619999,-32.1,-23.622648,-85,-92,0,0,-89,0,0,0,16,0,0
24.7897033,120.9947318,9.92199993133545,304.5425720214844,0.0,-17.16,-22.68,-28.26,-129.53627,-85,-92,0,0,-89,0,0,0,16,0,0
24.7897044,120.9947138,9.947999954223633,302.2971496582031,0.0,-28.859999,15.12,-25.14,58.55718,-85,-92,0,0,-89,0,0,0,16,0,0
24.7897044,120.9947138,9.947999954223633,302.2971496582031,0.0,-22.74,3.72,-32.76,-45.18997,-85,-92,0,0,-89,0,0,0,16,0,0
24.7897096,120.9946983,9.901000022888184,301.5480651855469,0.0,2.8799999,-32.399998,-24.359999,54.872807,-85,-92,0,0,-89,0,0,0,16,0,0
24.7897096,120.9946983,9.901000022888184,301.5480651855469,0.0,-24.779999,-12.78,-29.519999,-106.25083,-85,-92,0,0,-89,0,0,0,16,0,0
24.7897096,120.9946983,9.901000022888184,301.5480651855469,0.0,-26.58,15.059999,-27.72,80.243,-85,-92,0,0,-89,0,0,0,16,0,0
24.7889107,120.9950807,10.098999977111816,1.6762573719024658,0.0,-37.14,16.56,-17.16,-88.975136,-76,-83,0,0,0,0,-65,0,17,0,0
24.788938,120.9950839,10.154999732971191,2.7107582092285156,0.0,-30.359999,28.14,18.24,89.821724,-76,-83,0,0,0,0,-65,0,17,0,0
24.788938,120.9950839,10.154999732971191,2.7107582092285156,0.0,-39.84,14.46,12.48,54.005486,-76,-83,0,0,0,0,-65,0,17,0,0
24.788938,120.9950839,10.154999732971191,2.7107582092285156,0.0,-37.62,-5.8799996,-17.22,-40.251656,-76,-83,0,0,0,0,-65,0,17,0,0
24.788938,120.9950839,10.154999732971191,2.7107582092285156,0.0,-29.88,29.4,-7.9199996,-14.578967,-76,-83,0,0,0,0,-65,0,17,0,0
24.7889525,120.9950867,10.168999671936035,3.8302993774414062,0.0,-23.1,20.22,31.619999,-14.419658,-76,-83,0,0,0,0,-65,0,17,0,0
24.7889525,120.9950867,10.168999671936035,3.8302993774414062,0.0,-41.52,12.059999,9.599999,76.233116,-76,-83,0,0,0,0,-65,0,17,0,0
24.7889659,120.9950872,10.182000160217285,3.6157002449035645,0.0,-37.079998,-4.56,-18.9,-51.016716,-76,-83,0,0,0,0,-65,0,17,0,0
24.7889659,120.9950872,10.182000160217285,3.6157002449035645,0.0,-23.88,34.079998,8.94,31.799322,-76,-83,0,0,0,0,-65,0,17,0,0
24.7889659,120.9950872,10.182000160217285,3.6157002449035645,0.0,-28.199999,23.279999,24.96,78.5536,-76,-83,0,0,0,0,-65,0,17,0,0
24.7889805,120.995087,10.151000022888184,3.0847458839416504,0.0,-41.82,2.1599998,-10.2,-152.97586,-76,-83,0,0,0,0,-65,0,17,0,0
24.7889805,120.995087,10.151000022888184,3.0847458839416504,0.0,-36.78,9.179999,-21.539999,-116.44792,-76,-83,0,0,0,0,-65,0,17,0,0
24.7889805,120.995087,10.151000022888184,3.0847458839416504,0.0,-16.98,38.1,19.32,45.248966,-76,-83,0,0,0,0,-65,0,17,0,0
24.788995,120.9950865,10.034000396728516,2.527038097381592,0.0,-33.96,28.8,14.7,45.903507,-76,-83,0,0,0,0,-65,0,17,0,0
24.788995,120.9950865,10.034000396728516,2.527038097381592,0.0,-39.6,-1.3199999,-19.5,-41.64693,-76,-83,0,0,0,0,-65,0,17,0,0
24.788995,120.9950865,10.034000396728516,2.527038097381592,0.0,-28.92,35.34,-7.7999997,-9.613451,-76,-83,0,0,0,0,-65,0,17,0,0
24.7890103,120.9950862,9.949000358581543,2.1367783546447754,0.0,-16.68,37.079998,24.66,134.83047,-76,-83,0,0,0,0,-65,0,17,0,0
24.7890103,120.9950862,9.949000358581543,2.1367783546447754,0.0,-39.42,23.279999,-1.74,15.132861,-76,-83,0,0,0,0,-65,0,17,0,0
24.7890103,120.9950862,9.949000358581543,2.1367783546447754,0.0,-38.399998,4.8599997,-20.52,-123.59593,-76,-83,0,0,0,0,-65,0,17,0,0
24.7890103,120.9950862,9.949000358581543,2.1367783546447754,0.0,-15.179999,41.28,17.88,45.63535,-76,-83,0,0,0,0,-65,0,17,0,0
24.7890103,120.9950862,9.949000358581543,2.1367783546447754,0.0,-29.099998,33.059998,17.34,46.002445,-76,-83,0,0,0,0,-65,0,17,0,0
24.7890415,120.9950863,9.96500015258789,1.7099106311798096,0.0,-41.94,3.54,-19.14,-65.89613,-76,-83,0,0,0,0,-65,0,17,0,0
24.7890415,120.9950863,9.96500015258789,1.7099106311798096,0.0,-32.88,29.4,-11.7,-15.700305,-76,-83,0,0,0,0,-65,0,17,0,0
24.7890415,120.9950863,9.96500015258789,1.7099106311798096,0.0,-28.92,31.92,19.439999,81.27303,-76,-83,0,0,0,0,-65,0,17,0,0
24.7890415,120.9950863,9.96500015258789,1.7099106311798096,0.0,-42.059998,15.9,2.76,51.917927,-76,-83,0,0,0,0,-65,0,17,0,0
24.7890599,120.9950861,9.930000305175781,1.3579686880111694,0.0,-39.48,-0.42,-18.6,-135.1767,-76,-83,0,0,0,0,-65,0,17,0,0
24.7892712,120.9950948,10.23900032043457,359.91064453125,0.0,-43.44,0.17999999,-12.54,-81.47831,-84,-81,0,0,0,0,0,-80,17,0,0
24.7892712,120.9950948,10.23900032043457,359.91064453125,0.0,-36.18,11.099999,-23.58,-127.55944,-84,-81,0,0,0,0,0,-80,17,0,0
24.7892712,120.9950948,10.23900032043457,359.91064453125,0.0,-27.66,35.52,7.44,31.821661,-84,-81,0,0,0,0,0,-80,17,0,0
24.7892712,120.9950948,10.23900032043457,359.91064453125,0.0,-39.0,21.119999,6.66,50.273224,-84,-81,0,0,0,0,0,-80,17,0,0
24.7892859,120.9950971,10.206000328063965,0.7645670175552368,0.0,-34.68,-5.3399997,-23.939999,-83.09604,-84,-81,0,0,0,0,0,-80,17,0,0
24.7892859,120.9950971,10.206000328063965,0.7645670175552368,0.0,-32.94,22.26,-17.94,-34.288723,-84,-81,0,0,0,0,0,-80,17,0,0
24.7892859,120.9950971,10.206000328063965,0.7645670175552368,0.0,-32.64,27.779999,16.38,61.89579,-84,-81,0,0,0,0,0,-80,17,0,0
24.789302,120.995098,10.11400032043457,1.3091999292373657,0.0,-43.379997,10.559999,5.2799997,66.49861,-84,-81,0,0,0,0,0,-80,17,0,0
24.789302,120.995098,10.11400032043457,1.3091999292373657,0.0,-35.52,-3.84,-24.24,-49.4848,-84,-81,0,0,0,0,0,-80,17,0,0
24.7893157,120.9950996,10.019000053405762,1.727966070175171,0.0,-27.72,35.1,1.1999999,32.79668,-84,-81,0,0,0,0,0,-80,17,0,0
24.7893157,120.9950996,10.019000053405762,1.727966070175171,0.0,-35.46,26.039999,11.94,64.82606,-84,-81,0,0,0,0,0,-80,17,0,0
24.7893157,120.9950996,10.019000053405762,1.727966070175171,0.0,-39.12,4.7999997,-18.06,-168.6805,-92,-92,0,0,0,0,0,-85,17,0,0
24.7893293,120.9951,9.892000198364258,1.6337666511535645,0.0,-34.62,13.5,-21.48,-82.78816,-92,-92,0,0,0,0,0,-85,17,0,0
24.7893293,120.9951,9.892000198364258,1.6337666511535645,0.0,-31.14,32.76,4.68,76.07413,-92,-92,0,0,0,0,0,-85,17,0,0
24.7893293,120.9951,9.892000198364258,1.6337666511535645,0.0,-39.0,20.58,-4.14,26.52387,-92,-92,0,0,0,0,0,-85,17,0,0
24.7893411,120.9950997,9.78499984741211,1.4295415878295898,0.0,-34.98,-9.48,-21.6,-10.962155,-92,-92,0,0,0,0,0,-85,17,0,0
24.7893411,120.9950997,9.78499984741211,1.4295415878295898,0.0,-26.4,35.76,-7.2599998,1.1606368,-92,-92,0,0,0,0,0,-85,17,0,0
24.7893411,120.9950997,9.78499984741211,1.4295415878295898,0.0,-26.46,36.48,11.46,116.22106,-92,-92,0,0,0,0,0,-85,17,0,0
24.7893538,120.9950992,9.776000022888184,0.9565444588661194,0.0,-40.32,9.66,-16.5,-149.66774,-92,-92,0,0,0,0,0,-85,17,0,0
24.7893538,120.9950992,9.776000022888184,0.9565444588661194,0.0,-36.12,0.24,-25.5,-113.00269,-92,-92,0,0,0,0,0,-85,17,0,0
24.7893675,120.9950992,9.770000457763672,0.7802140712738037,0.0,-28.38,37.079998,1.4399999,31.118876,-92,-92,0,0,0,0,0,-85,17,0,0
24.7893675,120.9950992,9.770000457763672,0.7802140712738037,0.0,-35.1,30.24,4.5,34.730038,-92,-92,0,0,0,0,0,-85,17,0,0
24.7893675,120.9950992,9.770000457763672,0.7802140712738037,0.0,-37.38,3.54,-24.48,-113.81291,-92,-92,0,0,0,0,0,-85,17,0,0
24.7893675,120.9950992,9.770000457763672,0.7802140712738037,0.0,-34.5,18.72,-20.939999,-51.90757,-92,-92,0,0,0,0,0,-85,17,0,0
24.7893675,120.9950992,9.770000457763672,0.7802140712738037,0.0,-30.48,35.219997,8.46,77.24765,-92,-92,0,0,0,0,0,-85,17,0,0
24.7893675,120.9950992,9.770000457763672,0.7802140712738037,0.0,-40.8,19.32,-7.9199996,20.736416,-92,-92,0,0,0,0,0,-85,17,0,0
24.7893823,120.9950981,9.807999610900879,359.8723449707031,0.0,-33.239998,-1.62,-27.3,-35.245094,-92,-92,0,0,0,0,0,-85,17,0,0
24.7893962,120.9950969,9.727999687194824,359.24212646484375,0.0,-28.5,34.079998,-9.0,3.5936644,-92,-92,0,0,0,0,0,-85,17,0,0
24.7893962,120.9950969,9.727999687194824,359.24212646484375,0.0,-24.119999,38.94,-1.3199999,176.76561,-92,-92,0,0,0,0,0,-85,17,0,0
24.7894095,120.9950948,9.74899959564209,358.6330261230469,0.0,-37.86,11.16,-21.42,-83.81505,-92,-92,0,0,0,0,0,-85,17,0,0
24.7895609,120.9949851,9.977999687194824,329.3721008300781,0.0,-27.18,16.5,-30.779999,-30.381304,-93,-90,0,0,-90,0,0,0,17,0,0
24.7895609,120.9949851,9.977999687194824,329.3721008300781,0.0,-27.48,26.76,-24.84,99.912636,-93,-90,0,0,-90,0,0,0,17,0,0
24.7895726,120.9949717,10.034000396728516,326.8498229980469,0.0,-22.14,-11.46,-36.0,-116.26556,-93,-90,0,0,-90,0,0,0,17,0,0
24.7895726,120.9949717,10.034000396728516,326.8498229980469,0.0,-21.0,-12.66,-37.079998,-116.070305,-93,-90,0,0,-90,0,0,0,17,0,0
24.7895831,120.9949623,10.083000183105469,326.04937744140625,0.0,-23.699999,29.099998,-26.82,15.811583,-93,-90,0,0,-90,0,0,0,17,0,0
24.7895831,120.9949623,10.083000183105469,326.04937744140625,0.0,-28.56,12.24,-32.64,-7.338143,-93,-90,0,0,-90,0,0,0,17,0,0
24.7895831,120.9949623,10.083000183105469,326.04937744140625,0.0,-8.58,-24.06,-34.38,14.534977,-93,-90,0,0,-90,0,0,0,17,0,0
24.7895831,120.9949623,10.083000183105469,326.04937744140625,0.0,-29.519999,8.58,-31.38,-44.886673,-93,-90,0,0,-90,0,0,0,17,0,0
24.7895945,120.9949482,10.109999656677246,323.7269287109375,0.0,-32.399998,25.26,-19.92,80.06944,-93,-90,0,0,-90,0,0,0,17,0,0
24.7896044,120.9949374,10.164999961853027,322.867919921875,0.0,-25.08,-6.7799997,-34.2,-115.63885,-93,-90,0,0,-90,0,0,0,17,0,0
24.7896044,120.9949374,10.164999961853027,322.867919921875,0.0,-23.88,-13.62,-32.34,-116.72004,-93,-90,0,0,-90,0,0,0,17,0,0
24.7896044,120.9949374,10.164999961853027,322.867919921875,0.0,-27.359999,27.0,-22.859999,2.703831,-93,-90,0,0,-90,0,0,0,17,0,0
24.7896044,120.9949374,10.164999961853027,322.867919921875,0.0,-30.06,17.699999,-27.96,23.262253,-93,-90,0,0,-90,0,0,0,17,0,0
24.7896136,120.9949226,10.156000137329102,320.4795837402344,0.0,-7.68,-23.88,-34.5,74.11609,-93,-90,0,0,-90,0,0,0,17,0,0
24.7896136,120.9949226,10.156000137329102,320.4795837402344,0.0,-26.46,2.9399998,-35.82,-79.958916,-93,-90,0,0,-90,0,0,0,17,0,0
24.7896218,120.9949121,10.121000289916992,319.6841735839844,0.0,-32.76,30.119999,-13.2,75.8815,-93,-90,0,0,-90,0,0,0,17,0,0
24.7896218,120.9949121,10.121000289916992,319.6841735839844,0.0,-26.4,-2.28,-34.62,-103.03244,-93,-90,0,0,-90,0,0,0,17,0,0
24.7896218,120.9949121,10.121000289916992,319.6841735839844,0.0,-17.34,-18.84,-34.44,-98.80762,-93,-90,0,0,-90,0,0,0,17,0,0
24.7896436,120.9948645,10.109999656677246,312.6817626953125,0.0,-20.4,19.859999,-30.179998,20.616426,-96,-88,0,0,-92,0,0,0,17,0,0
24.7896436,120.9948645,10.109999656677246,312.6817626953125,0.0,-28.32,10.0199995,-28.68,10.987575,-96,-88,0,0,-92,0,0,0,17,0,0
24.7896508,120.9948463,10.003999710083008,310.2628173828125,0.0,5.7599998,-29.16,-27.18,44.21606,-96,-88,0,0,-92,0,0,0,17,0,0
24.7896508,120.9948463,10.003999710083008,310.2628173828125,0.0,-24.24,-7.9199996,-31.199999,-94.42152,-96,-88,0,0,-92,0,0,0,17,0,0
24.7896508,120.9948463,10.003999710083008,310.2628173828125,0.0,-28.32,17.4,-25.92,68.31344,-96,-88,0,0,-92,0,0,0,17,0,0
24.7896581,120.994831,10.005999565124512,308.8937683105469,0.0,-9.54,-16.859999,-34.92,-120.67279,-96,-88,0,0,-92,0,0,0,17,0,0
24.7896581,120.994831,10.005999565124512,308.8937683105469,0.0,3.8999999,-33.719997,-20.76,-123.9874,-96,-88,0,0,-92,0,0,0,17,0,0
24.7896635,120.9948106,9.958000183105469,306.31256103515625,0.0,-22.26,5.04,-33.66,-0.7371903,-96,-88,0,0,-92,0,0,0,17,0,0
24.7896635,120.9948106,9.958000183105469,306.31256103515625,0.0,-26.699999,-2.28,-31.32,-32.43379,-96,-88,0,0,-92,0,0,0,17,0,0
24.7896635,120.9948106,9.958000183105469,306.31256103515625,0.0,-0.24,-31.679998,-22.619999,-47.458874,-96,-88,0,0,-92,0,0,0,17,0,0
24.7896689,120.994789,9.87600040435791,303.87957763671875,0.0,-14.7,-21.359999,-30.06,-124.62175,-96,-88,0,0,-92,0,0,0,17,0,0
24.7896689,120.994789,9.87600040435791,303.87957763671875,0.0,-27.3,18.359999,-26.58,58.746902,-96,-88,0,0,-92,0,0,0,17,0,0
24.7896689,120.994789,9.87600040435791,303.87957763671875,0.0,-18.24,-5.52,-36.239998,-104.74984,-96,-88,0,0,-92,0,0,0,17,0,0
24.7896735,120.9947686,9.925000190734863,301.80902099609375,0.0,11.639999,-30.3,-22.74,101.34862,-86,-82,0,0,-87,0,0,0,17,0,0
24.7896735,120.9947686,9.925000190734863,301.80902099609375,0.0,-23.88,1.56,-33.48,-23.843208,-86,-82,0,0,-87,0,0,0,17,0,0
24.7896735,120.9947686,9.925000190734863,301.80902099609375,0.0,-30.84,10.0199995,-26.34,38.29905,-86,-82,0,0,-87,0,0,0,17,0,0
24.7896761,120.9947465,9.968999862670898,299.2297668457031,0.0,-1.86,-27.119999,-27.84,-124.51693,-86,-82,0,0,-87,0,0,0,17,0,0
24.7896761,120.9947465,9.968999862670898,299.2297668457031,0.0,-7.2599998,-34.98,-17.58,-138.3568,-86,-82,0,0,-87,0,0,0,17,0,0
24.7896761,120.9947465,9.968999862670898,299.2297668457031,0.0,-37.26,5.1,-19.98,73.70328,-86,-82,0,0,-87,0,0,0,17,0,0
24.7896761,120.9947465,9.968999862670898,299.2297668457031,0.0,-32.94,-1.4399999,-23.939999,-56.219112,-86,-82,0,0,-87,0,0,0,17,0,0
24.7896793,120.9947275,9.89799976348877,297.6517333984375,0.0,5.7599998,-34.559998,-18.48,101.613884,-86,-82,0,0,-87,0,0,0,17,0,0
24.7896793,120.9947275,9.89799976348877,297.6517333984375,0.0,-27.119999,-14.58,-28.56,-98.518,-86,-82,0,0,-87,0,0,0,17,0,0
24.7896828,120.9947087,9.970999717712402,296.3191223144531,0.0,-31.5,3.72,-26.82,92.090126,-86,-82,0,0,-87,0,0,0,17,0,0
24.7896828,120.9947087,9.970999717712402,296.3191223144531,0.0,-4.02,-26.519999,-27.779999,-136.90094,-86,-82,0,0,-87,0,0,0,17,0,0
24.789686,120.9946897,10.003000259399414,294.87939453125,0.0,-5.8799996,-37.2,-13.2,-152.23155,-86,-82,0,0,-87,0,0,0,17,0,0
24.789686,120.9946897,10.003000259399414,294.87939453125,0.0,-30.359999,0.96,-29.58,33.166805,-86,-82,0,0,-87,0,0,0,17,0,0
24.7896307,120.994401,9.904000282287598,264.3057861328125,0.0,22.38,-36.18,3.12,140.70178,0,0,0,-89,-91,-90,0,0,17,0,0
24.7896307,120.994401,9.904000282287598,264.3057861328125,0.0,-20.52,-34.5,-10.679999,-163.54594,0,0,0,-89,-91,-90,0,0,17,0,0
24.7896307,120.994401,9.904000282287598,264.3057861328125,0.0,-21.539999,-11.639999,-33.3,100.35388,0,0,0,-89,-91,-90,0,0,17,0,0
24.7896203,120.9943876,9.972000122070312,261.0321960449219,0.0,4.44,-34.68,-21.84,-146.65215,0,0,0,-89,-91,-90,0,0,17,0,0
24.7896203,120.9943876,9.972000122070312,261.0321960449219,0.0,5.94,-40.5,4.2599998,163.92468,0,0,0,-89,-91,-90,0,0,17,0,0
24.7896087,120.9943731,9.95199966430664,257.88922119140625,0.0,-16.98,-15.179999,-33.54,32.746765,0,0,0,-89,-91,-90,0,0,17,0,0
24.7896087,120.9943731,9.95199966430664,257.88922119140625,0.0,-10.44,-17.88,-35.1,-120.77646,0,0,0,-89,-91,-90,0,0,17,0,0
24.7896087,120.9943731,9.95199966430664,257.88922119140625,0.0,16.98,-37.14,-4.7999997,128.52417,0,0,0,-89,-91,-90,0,0,17,0,0
24.7896087,120.9943731,9.95199966430664,257.88922119140625,0.0,-15.059999,-31.8,-21.3,-153.25148,0,0,0,-89,-91,-90,0,0,17,0,0
24.7895969,120.9943591,9.956999778747559,255.08009338378906,0.0,-12.84,-6.6,-38.16,82.02442,0,0,0,-89,-91,-90,0,0,17,0,0
24.7895969,120.9943591,9.956999778747559,255.08009338378906,0.0,2.1,-28.439999,-26.939999,-139.80263,0,0,0,-89,-91,-90,0,0,17,0,0
24.7895969,120.9943591,9.956999778747559,255.08009338378906,0.0,-2.1,-40.379997,-5.04,-174.80894,0,0,0,-89,-91,-90,0,0,17,0,0
24.7895858,120.994345,9.932999610900879,252.49935913085938,0.0,-7.3799996,-8.46,-38.64,21.56033,0,0,0,-89,-91,-90,0,0,17,0,0
24.7895858,120.994345,9.932999610900879,252.49935913085938,0.0,-0.9,-12.66,-38.579998,-96.5046,-95,0,0,0,-95,-81,0,0,17,0,0
24.7895778,120.9943313,9.934000015258789,251.14695739746094,0.0,16.26,-37.14,-12.059999,-38.009666,-95,0,0,0,-95,-81,0,0,17,0,0
24.7895778,120.9943313,9.934000015258789,251.14695739746094,0.0,-8.76,-39.6,-6.2999997,-169.8021,-95,0,0,0,-95,-81,0,0,17,0,0
24.7895778,120.9943313,9.934000015258789,251.14695739746094,0.0,-12.84,-21.3,-32.52,82.61305,-95,0,0,0,-95,-81,0,0,17,0,0
24.7895778,120.9943313,9.934000015258789,251.14695739746094,0.0,-0.35999998,-34.32,-22.439999,-141.69733,-95,0,0,0,-95,-81,0,0,17,0,0
24.7895622,120.9943204,9.809000015258789,247.41009521484375,0.0,10.62,-40.079998,3.72,166.4889,-95,0,0,0,-95,-81,0,0,17,0,0
24.7895622,120.9943204,9.809000015258789,247.41009521484375,0.0,-23.519999,-30.359999,-16.38,-158.79715,-95,0,0,0,-95,-81,0,0,17,0,0
24.789552,120.9943078,9.678000450134277,246.24945068359375,0.0,-17.22,-23.279999,-28.38,108.76141,-95,0,0,0,-95,-81,0,0,17,0,0
24.789552,120.9943078,9.678000450134277,246.24945068359375,0.0,18.0,-36.12,-10.559999,-52.799175,-95,0,0,0,-95,-81,0,0,17,0,0
24.789552,120.9943078,9.678000450134277,246.24945068359375,0.0,-0.84,-40.44,6.8399997,169.60674,-95,0,0,0,-95,-81,0,0,17,0,0
24.7895377,120.9942967,9.484999656677246,243.1083526611328,0.0,-21.9,-20.46,-26.82,18.242851,-95,0,0,0,-95,-81,0,0,17,0,0
24.7895377,120.9942967,9.484999656677246,243.1083526611328,0.0,-7.8599997,-27.48,-28.98,-147.27774,-95,0,0,0,-95,-81,0,0,17,0,0
24.7895377,120.9942967,9.484999656677246,243.1083526611328,0.0,18.6,-37.5,6.48,150.70786,-95,0,0,0,-95,-81,0,0,17,0,0
24.7895377,120.9942967,9.484999656677246,243.1083526611328,0.0,-21.18,-33.48,-13.139999,-173.99211,-95,0,0,0,-95,-81,0,0,17,0,0
24.789401,120.9942022,10.13700008392334,220.07066345214844,0.0,-18.06,-37.62,2.58,-177.59976,0,0,0,-91,-93,-84,0,0,17,0,0
24.7893846,120.9941943,10.02400016784668,218.50680541992188,0.0,-26.519999,-24.96,-20.279999,76.952156,0,0,0,-91,-93,-84,0,0,17,0,0
24.7893846,120.9941943,10.02400016784668,218.50680541992188,0.0,-13.44,-38.879997,-6.2999997,178.78923,0,0,0,-91,-93,-84,0,0,17,0,0
24.7893684,120.9941868,9.956999778747559,216.9086151123047,0.0,-13.0199995,-36.78,17.52,-157.4133,0,0,0,-91,-93,-84,0,0,17,0,0
24.7893684,120.9941868,9.956999778747559,216.9086151123047,0.0,-32.76,-25.98,-9.059999,137.8036,0,0,0,-91,-93,-84,0,0,17,0,0
24.7893684,120.9941868,9.956999778747559,216.9086151123047,0.0,-26.64,-28.439999,-13.74,130.51762,0,0,0,-91,-93,-84,0,0,17,0,0
24.7893527,120.9941797,9.826000213623047,215.3328857421875,0.0,-3.3,-39.84,11.219999,-100.969215,0,0,0,-91,-93,-84,0,0,17,0,0
24.7893527,120.9941797,9.826000213623047,215.3328857421875,0.0,-22.199999,-31.38,12.54,167.29613,0,0,0,-91,-93,-84,0,0,17,0,0
24.7893358,120.9941739,9.883000373840332,213.4745635986328,0.0,-30.9,-21.119999,-11.219999,67.36272,0,0,0,-91,-93,-84,0,0,17,0,0
24.7893358,120.9941739,9.883000373840332,213.4745635986328,0.0,-15.42,-36.18,2.6399999,172.10866,0,0,0,-91,-93,-84,0,0,17,0,0
24.7893358,120.9941739,9.883000373840332,213.4745635986328,0.0,-12.42,-35.16,13.5,-172.07108,0,0,0,-91,-93,-84,0,0,17,0,0
24.7893163,120.9941701,9.87399959564209,210.9031524658203,0.0,-18.3,-34.8,-7.5,-177.0033,0,0,0,-91,-93,-84,0,0,17,0,0
24.7893163,120.9941701,9.87399959564209,210.9031524658203,0.0,-18.42,-33.239998,-7.44,165.48318,0,0,0,-91,-93,-84,0,0,17,0,0
24.7893017,120.994166,9.843000411987305,209.4153594970703,0.0,-15.299999,-39.239998,5.64,-170.66681,0,0,0,-91,-93,-84,0,0,17,0,0
24.7893017,120.994166,9.843000411987305,209.4153594970703,0.0,-18.96,-37.86,0.96,171.09073,0,0,0,-91,-93,-84,0,0,17,0,0
24.7893017,120.994166,9.843000411987305,209.4153594970703,0.0,-23.76,-34.68,-9.78,-75.828445,0,0,0,-91,-93,-84,0,0,17,0,0
24.7893017,120.994166,9.843000411987305,209.4153594970703,0.0,-18.06,-37.38,-0.71999997,-172.68909,-89,0,0,0,-78,-84,0,0,17,0,0
24.7893017,120.994166,9.843000411987305,209.4153594970703,0.0,-24.24,-32.52,5.7,-170.71898,-89,0,0,0,-78,-84,0,0,17,0,0
24.7893017,120.994166,9.843000411987305,209.4153594970703,0.0,-19.38,-35.46,-0.71999997,-138.0642,-89,0,0,0,-78,-84,0,0,17,0,0
24.7893017,120.994166,9.843000411987305,209.4153594970703,0.0,-18.48,-36.36,-0.42,-175.73398,-89,0,0,0,-78,-84,0,0,17,0,0
24.7892679,120.9941576,9.78600025177002,206.54493713378906,0.0,-18.0,-36.12,-4.02,-154.94565,-89,0,0,0,-78,-84,0,0,17,0,0
24.7892679,120.9941576,9.78600025177002,206.54493713378906,0.0,-18.06,-35.76,-7.3799996,-175.50682,-89,0,0,0,-78,-84,0,0,17,0,0
24.7892679,120.9941576,9.78600025177002,206.54493713378906,0.0,-19.5,-32.52,-12.36,-108.09106,-89,0,0,0,-78,-84,0,0,17,0,0
24.7892679,120.9941576,9.78600025177002,206.54493713378906,0.0,-1.4399999,-39.66,-8.4,-167.48578,-89,0,0,0,-78,-84,0,0,17,0,0
24.7892679,120.9941576,9.78600025177002,206.54493713378906,0.0,-10.5,-39.059998,-3.9599998,-158.31555,-89,0,0,0,-78,-84,0,0,17,0,0
24.7892679,120.9941576,9.78600025177002,206.54493713378906,0.0,-24.18,-27.0,-21.48,54.471336,-89,0,0,0,-78,-84,0,0,17,0,0
24.7892352,120.9941514,9.87399959564209,204.70980834960938,0.0,-17.82,-30.0,-22.32,165.85547,-89,0,0,0,-78,-84,0,0,17,0,0
24.7892352,120.9941514,9.87399959564209,204.70980834960938,0.0,15.299999,-39.059998,11.94,163.38782,-89,0,0,0,-78,-84,0,0,17,0,0
24.7892352,120.9941514,9.87399959564209,204.70980834960938,0.0,-9.78,-39.899998,2.7,174.9853,-89,0,0,0,-78,-84,0,0,17,0,0
24.7892137,120.9941508,9.946000099182129,203.14695739746094,0.0,-13.259999,-33.059998,-18.119999,141.50084,-89,0,0,0,-79,-81,0,0,17,0,0
24.7892137,120.9941508,9.946000099182129,203.14695739746094,0.0,4.7999997,-39.84,-2.46,-174.29153,-89,0,0,0,-79,-81,0,0,17,0,0
24.7891953,120.9941501,9.925000190734863,201.86688232421875,0.0,5.8199997,-30.9,28.08,173.80962,-89,0,0,0,-79,-81,0,0,17,0,0
24.7891953,120.9941501,9.925000190734863,201.86688232421875,0.0,-19.08,-32.46,-10.08,148.6644,-89,0,0,0,-79,-81,0,0,17,0,0
24.7891953,120.9941501,9.925000190734863,201.86688232421875,0.0,-5.7599998,-33.719997,-21.3,148.58716,-89,0,0,0,-79,-81,0,0,17,0,0
24.789174,120.9941515,9.934000015258789,199.95806884765625,0.0,14.639999,-39.96,8.34,148.62553,-89,0,0,0,-79,-81,0,0,17,0,0
24.789174,120.9941515,9.934000015258789,199.95806884765625,0.0,-6.24,-37.32,18.96,154.3571,-89,0,0,0,-79,-81,0,0,17,0,0
24.7891573,120.9941493,9.930999755859375,199.2650146484375,0.0,-15.9,-33.899998,-18.06,112.82242,-89,0,0,0,-79,-81,0,0,17,0,0
24.7891573,120.9941493,9.930999755859375,199.2650146484375,0.0,-4.2599998,-41.28,-13.92,-167.1777,-89,0,0,0,-79,-81,0,0,17,0,0
24.7891573,120.9941493,9.930999755859375,199.2650146484375,0.0,8.04,-35.82,27.66,161.22801,-89,0,0,0,-79,-81,0,0,17,0,0
24.7891358,120.9941486,9.85200023651123,198.08352661132812,0.0,-15.12,-39.54,11.88,154.59795,-89,0,0,0,-79,-81,0,0,17,0,0
24.7891358,120.9941486,9.85200023651123,198.08352661132812,0.0,-11.58,-39.239998,-11.46,161.12611,-89,0,0,0,-79,-81,0,0,17,0,0
24.7891358,120.9941486,9.85200023651123,198.08352661132812,0.0,9.48,-40.68,9.059999,170.85507,-89,0,0,0,-79,-81,0,0,17,0,0
24.7891358,120.9941486,9.85200023651123,198.08352661132812,0.0,3.3,-29.88,33.899998,160.42369,-89,0,0,0,-79,-81,0,0,17,0,0
24.7891358,120.9941486,9.85200023651123,198.08352661132812,0.0,-13.799999,-39.66,-0.35999998,160.47618,-89,0,0,0,-79,-81,0,0,17,0,0
24.7891358,120.9941486,9.85200023651123,198.08352661132812,0.0,-3.06,-38.28,-13.259999,173.77669,-89,0,0,0,-79,-81,0,0,17,0,0
24.789035,120.9941405,9.85099983215332,195.15550231933594,0.0,17.94,-33.899998,-14.34,-156.15218,0,0,0,-81,-76,-75,0,0,17,0,0
24.789035,120.9941405,9.85099983215332,195.15550231933594,0.0,9.48,-36.719997,-14.58,-157.52843,0,0,0,-81,-76,-75,0,0,17,0,0
24.789035,120.9941405,9.85099983215332,195.15550231933594,0.0,3.06,-37.14,-18.18,-165.77754,0,0,0,-81,-76,-75,0,0,17,0,0
24.7890017,120.9941345,9.854999542236328,195.21084594726562,0.0,9.24,-38.219997,-12.96,-165.4072,0,0,0,-81,-76,-75,0,0,17,0,0
24.7890017,120.9941345,9.854999542236328,195.21084594726562,0.0,16.26,-26.519999,-27.24,166.68372,0,0,0,-81,-76,-75,0,0,17,0,0
24.7890017,120.9941345,9.854999542236328,195.21084594726562,0.0,12.42,-39.239998,-6.24,-159.40341,0,0,0,-81,-76,-75,0,0,17,0,0
24.7890017,120.9941345,9.854999542236328,195.21084594726562,0.0,-3.54,-39.239998,-9.3,-168.96625,0,0,0,-81,-76,-75,0,0,17,0,0
24.7890017,120.9941345,9.854999542236328,195.21084594726562,0.0,16.08,-25.26,-28.56,162.59068,0,0,0,-81,-76,-75,0,0,17,0,0
24.7889685,120.9941311,10.045000076293945,194.54409790039062,0.0,17.699999,-27.84,-25.5,-144.71642,0,0,0,-81,-76,-75,0,0,17,0,0
24.7889685,120.9941311,10.045000076293945,194.54409790039062,0.0,12.96,-39.78,1.26,152.51353,0,0,0,-81,-76,-75,0,0,17,0,0
24.7889685,120.9941311,10.045000076293945,194.54409790039062,0.0,-8.16,-39.84,1.56,176.60385,0,0,0,-81,-76,-75,0,0,17,0,0
24.7889511,120.994135,10.019000053405762,193.14035034179688,0.0,-13.08,-32.16,-20.82,132.62912,0,0,0,-81,-76,-75,0,0,17,0,0
24.7889511,120.994135,10.019000053405762,193.14035034179688,0.0,6.3599997,-37.92,-13.0199995,-158.34438,0,0,0,-81,-76,-75,0,0,17,0,0
24.7889511,120.994135,10.019000053405762,193.14035034179688,0.0,4.62,-38.28,16.14,-172.25699,0,0,0,-81,-76,-75,0,0,17,0,0
24.7889332,120.9941455,9.972999572753906,189.76974487304688,0.0,-22.98,-30.42,-8.88,135.67856,0,0,0,-81,-76,-75,0,0,17,0,0
24.7889332,120.9941455,9.972999572753906,189.76974487304688,0.0,-17.76,-32.94,-11.759999,130.21754,0,0,0,-81,-76,-75,0,0,17,0,0
24.7889332,120.9941455,9.972999572753906,189.76974487304688,0.0,8.22,-39.84,9.24,141.7003,0,0,0,-81,-76,-75,0,0,17,0,0
24.7889332,120.9941455,9.972999572753906,189.76974487304688,0.0,-19.68,-32.88,17.16,164.11171,0,0,0,-81,-76,-75,0,0,17,0,0
24.7889178,120.9941482,10.005000114440918,187.2548370361328,0.0,-31.56,-26.4,-7.5,118.18189,0,0,0,-81,-76,-75,0,0,17,0,0
24.7889178,120.9941482,10.005000114440918,187.2548370361328,0.0,-10.38,-38.399998,0.59999996,175.01224,0,0,0,-81,-76,-75,0,0,17,0,0
24.7889001,120.9941523,9.942000389099121,184.48068237304688,0.0,0.24,-40.02,17.88,-150.80818,0,0,0,-81,-76,-75,0,0,17,0,0
24.7889001,120.9941523,9.942000389099121,184.48068237304688,0.0,-37.2,-23.88,-0.65999997,143.20518,0,0,0,-81,-76,-75,0,0,17,0,0
24.7889001,120.9941523,9.942000389099121,184.48068237304688,0.0,-33.54,-24.779999,-14.4,34.056633,0,0,0,-81,-76,-75,0,0,17,0,0
24.788884,120.9941512,10.020999908447266,185.18759155273438,0.0,6.18,-42.18,7.68,113.49014,0,0,0,-81,-76,-75,0,0,17,0,0
24.788884,120.9941512,10.020999908447266,185.18759155273438,0.0,-11.4,-34.92,20.1,151.18703,0,0,0,-81,-76,-75,0,0,17,0,0
24.788884,120.9941512,10.020999908447266,185.18759155273438,0.0,-37.559998,-18.539999,-5.4,55.58273,0,0,0,-81,-76,-75,0,0,17,0,0
24.788884,120.9941512,10.020999908447266,185.18759155273438,0.0,-24.779999,-30.06,-13.259999,175.4766,0,0,0,-81,-76,-75,0,0,17,0,0
24.7888685,120.9941512,9.994000434875488,185.45394897460938,0.0,12.48,-37.98,16.32,-162.53352,0,0,0,-80,-75,-71,0,0,17,0,0
24.7888539,120.9941524,9.97700023651123,184.85140991210938,0.0,-24.6,-31.619999,6.48,172.71597,0,0,0,-80,-75,-71,0,0,17,0,0
24.7888539,120.9941524,9.97700023651123,184.85140991210938,0.0,-34.62,-20.4,-11.639999,105.004364,0,0,0,-80,-75,-71,0,0,17,0,0
24.7888397,120.9941553,10.010000228881836,183.69664001464844,0.0,-5.1,-39.899998,-0.84,-178.81056,0,0,0,-80,-75,-71,0,0,17,0,0
24.7888397,120.9941553,10.010000228881836,183.69664001464844,0.0,11.82,-36.3,21.359999,172.72559,0,0,0,-80,-75,-71,0,0,17,0,0
24.7888397,120.9941553,10.010000228881836,183.69664001464844,0.0,-29.82,-27.18,-8.76,102.9112,0,0,0,-80,-75,-71,0,0,17,0,0
24.7888397,120.9941553,10.010000228881836,183.69664001464844,0.0,-22.859999,-31.26,-11.46,151.21623,0,0,0,-80,-75,-71,0,0,17,0,0
24.7888225,120.9941577,9.965999603271484,182.77125549316406,0.0,15.54,-36.48,18.539999,150.12532,0,0,0,-80,-75,-71,0,0,17,0,0
24.7888225,120.9941577,9.965999603271484,182.77125549316406,0.0,-21.539999,-30.599998,16.14,156.75458,0,0,0,-80,-75,-71,0,0,17,0,0
24.7888075,120.9941585,10.012999534606934,182.56356811523438,0.0,-30.3,-25.14,-13.259999,113.3808,0,0,0,-80,-75,-71,0,0,17,0,0
24.7888075,120.9941585,10.012999534606934,182.56356811523438,0.0,-16.859999,-34.559998,-7.5,176.74345,0,0,0,-80,-75,-71,0,0,17,0,0
24.7888075,120.9941585,10.012999534606934,182.56356811523438,0.0,-7.56,-36.899998,19.38,-155.8167,0,0,0,-80,-75,-71,0,0,17,0,0
24.7888075,120.9941585,10.012999534606934,182.56356811523438,0.0,-26.64,-30.42,5.52,148.22998,0,0,0,-80,-75,-71,0,0,17,0,0
24.7888075,120.9941585,10.012999534606934,182.56356811523438,0.0,-17.94,-34.68,-13.44,147.31178,0,0,0,-80,-75,-71,0,0,17,0,0
24.7888075,120.9941585,10.012999534606934,182.56356811523438,0.0,15.839999,-40.14,9.3,90.72095,0,0,0,-80,-75,-71,0,0,17,0,0
24.7888075,120.9941585,10.012999534606934,182.56356811523438,0.0,4.56,-33.899998,28.199999,138.45042,0,0,0,-80,-75,-71,0,0,17,0,0
24.7895381,120.9950128,9.95199966430664,343.4050598144531,0.0,-33.18,11.82,-21.66,-13.050628,-83,-91,-94,0,0,0,0,0,17,0,0
24.7895381,120.9950128,9.95199966430664,343.4050598144531,0.0,-13.62,-20.64,-34.44,19.754301,-83,-91,-94,0,0,0,0,0,17,0,0
24.7895381,120.9950128,9.95199966430664,343.4050598144531,0.0,-25.439999,22.68,-26.64,9.936349,-83,-91,-94,0,0,0,0,0,17,0,0
24.7895381,120.9950128,9.95199966430664,343.4050598144531,0.0,-33.18,24.18,-14.34,59.388454,-83,-91,-94,0,0,0,0,0,17,0,0
24.7895568,120.9949903,9.791000366210938,338.3057861328125,0.0,-18.24,-6.2999997,-38.46,-129.78346,-83,-91,-94,0,0,0,0,0,17,0,0
24.7895568,120.9949903,9.791000366210938,338.3057861328125,0.0,-16.08,-15.66,-37.2,-111.13254,-83,-91,-94,0,0,0,0,0,17,0,0
24.7895652,120.9949781,9.751999855041504,335.579345703125,0.0,-23.519999,27.18,-25.08,62.41838,-83,-91,-94,0,0,0,0,0,17,0,0
24.7895652,120.9949781,9.751999855041504,335.579345703125,0.0,-31.019999,19.02,-23.76,30.269445,-83,-91,-94,0,0,0,0,0,17,0,0
24.7895652,120.9949781,9.751999855041504,335.579345703125,0.0,-10.62,-12.3,-42.42,-32.461895,-83,-91,-94,0,0,0,0,0,17,0,0
24.7895652,120.9949781,9.751999855041504,335.579345703125,0.0,-22.92,9.12,-36.78,-65.80773,-83,-91,-94,0,0,0,0,0,17,0,0
24.7895748,120.9949654,9.746000289916992,333.1536865234375,0.0,-31.14,25.26,-20.88,58.405598,-83,-91,-94,0,0,0,0,0,17,0,0
24.7895748,120.9949654,9.746000289916992,333.1536865234375,0.0,-24.96,-1.86,-38.52,-89.97431,-83,-92,-94,0,0,0,0,0,17,0,0
24.7895848,120.9949529,9.756999969482422,330.6234436035156,0.0,1.14,-28.38,-36.66,11.962127,-83,-92,-94,0,0,0,0,0,17,0,0
24.7895848,120.9949529,9.756999969482422,330.6234436035156,0.0,-21.66,16.32,-37.86,15.102255,-83,-92,-94,0,0,0,0,0,17,0,0
24.7895848,120.9949529,9.756999969482422,330.6234436035156,0.0,-32.04,10.2,-32.64,82.81155,-83,-92,-94,0,0,0,0,0,17,0,0
24.7895954,120.9949399,9.835000038146973,328.0220642089844,0.0,-11.46,-18.0,-41.579998,-137.43024,-83,-92,-94,0,0,0,0,0,17,0,0
24.7895954,120.9949399,9.835000038146973,328.0220642089844,0.0,-16.38,-21.119999,-39.84,-116.0821,-83,-92,-94,0,0,0,0,0,17,0,0
24.7895954,120.9949399,9.835000038146973,328.0220642089844,0.0,-30.84,22.74,-25.8,58.27087,-83,-92,-94,0,0,0,0,0,17,0,0
24.7895954,120.9949399,9.835000038146973,328.0220642089844,0.0,-27.3,5.4,-37.02,-48.62763,-83,-92,-94,0,0,0,0,0,17,0,0
24.7896041,120.9949264,9.965999603271484,325.0396728515625,0.0,0.65999997,-29.34,-35.7,5.3180103,-83,-92,-94,0,0,0,0,0,17,0,0
24.7896133,120.9949156,9.815999984741211,323.91796875,0.0,-24.66,8.76,-39.059998,-42.49383,-83,-92,-94,0,0,0,0,0,17,0,0
24.7896133,120.9949156,9.815999984741211,323.91796875,0.0,-35.219997,13.32,-22.8,74.659096,-83,-92,-94,0,0,0,0,0,17,0,0
24.7896133,120.9949156,9.815999984741211,323.91796875,0.0,-8.88,-12.84,-42.36,-130.83246,-83,-92,-94,0,0,0,0,0,17,0,0
24.7896133,120.9949156,9.815999984741211,323.91796875,0.0,-12.3,-22.14,-37.8,-119.12873,-83,-92,-94,0,0,0,0,0,17,0,0
24.7896223,120.9948996,9.720999717712402,321.0069580078125,0.0,-28.68,19.02,-28.26,42.835575,-85,0,0,-86,0,-86,0,0,17,0,0
24.7896223,120.9948996,9.720999717712402,321.0069580078125,0.0,-30.779999,1.02,-34.44,37.884365,-85,0,0,-86,0,-86,0,0,17,0,0
24.7896312,120.9948853,9.774999618530273,319.18609619140625,0.0,-1.0799999,-23.58,-39.78,-73.36494,-85,0,0,-86,0,-86,0,0,17,0,0
24.7896312,120.9948853,9.774999618530273,319.18609619140625,0.0,-22.619999,-5.94,-39.66,-91.88395,-85,0,0,-86,0,-86,0,0,17,0,0
24.7896312,120.9948853,9.774999618530273,319.18609619140625,0.0,-25.08,14.34,-34.739998,72.92634,-85,0,0,-86,0,-86,0,0,17,0,0
24.7896312,120.9948853,9.774999618530273,319.18609619140625,0.0,-21.84,-12.36,-38.579998,-101.49592,-85,0,0,-86,0,-86,0,0,17,0,0
24.7896394,120.9948711,9.798999786376953,317.5869140625,0.0,-3.36,-27.779999,-37.2,-80.55896,-85,0,0,-86,0,-86,0,0,17,0,0
24.7896394,120.9948711,9.798999786376953,317.5869140625,0.0,-18.72,17.4,-36.54,-17.58845,-85,0,0,-86,0,-86,0,0,17,0,0
24.7896394,120.9948711,9.798999786376953,317.5869140625,0.0,-29.58,13.38,-32.28,49.283527,-85,0,0,-86,0,-86,0,0,17,0,0
24.7896466,120.994855,9.781999588012695,306.5188293457031,0.0,6.8399997,-10.98,-44.399998,-102.668015,-85,0,0,-86,0,-86,0,0,17,0,0
24.7896466,120.994855,9.781999588012695,306.5188293457031,0.0,-8.639999,-22.74,-38.34,-120.1165,-85,0,0,-86,0,-86,0,0,17,0,0
24.7896648,120.9947184,9.753000259399414,282.33660888671875,0.0,7.62,-30.66,-29.16,-128.03975,-93,-88,0,0,-76,0,0,0,17,0,0
24.7896648,120.9947184,9.753000259399414,282.33660888671875,0.0,0.71999997,-36.66,-24.18,-135.46304,-93,-88,0,0,-76,0,0,0,17,0,0
24.7896663,120.9947039,9.758000373840332,280.82049560546875,0.0,-19.38,1.9799999,-36.6,53.293335,-93,-88,0,0,-76,0,0,0,17,0,0
24.7896663,120.9947039,9.758000373840332,280.82049560546875,0.0,-19.74,-10.32,-33.48,-58.232998,-93,-88,0,0,-76,0,0,0,17,0,0
24.7896674,120.9946888,9.803000450134277,277.4020690917969,0.0,0.53999996,-29.64,-30.119999,-86.74392,-93,-88,0,0,-76,0,0,0,17,0,0
24.7896674,120.9946888,9.803000450134277,277.4020690917969,0.0,-22.8,-11.099999,-33.239998,-101.41638,-93,-88,0,0,-76,0,0,0,17,0,0
24.7896674,120.9946888,9.803000450134277,277.4020690917969,0.0,-24.18,5.2799997,-32.04,82.61377,-93,-88,0,0,-76,0,0,0,17,0,0
24.7896678,120.9946747,9.845000267028809,276.4134521484375,0.0,-14.4,-22.56,-31.8,-123.74501,-93,-88,0,0,-76,0,0,0,17,0,0
24.7896678,120.9946747,9.845000267028809,276.4134521484375,0.0,-3.54,-35.16,-26.039999,-117.3853,-93,-88,0,0,-76,0,0,0,17,0,0
24.7896678,120.9946747,9.845000267028809,276.4134521484375,0.0,-16.619999,5.04,-39.3,-0.74259156,-93,-88,0,0,-76,0,0,0,17,0,0
24.7896678,120.9946747,9.845000267028809,276.4134521484375,0.0,-16.02,1.5,-40.079998,-3.3502007,-93,-88,0,0,-76,0,0,0,17,0,0
24.7896689,120.9946595,9.960000038146973,279.2024230957031,0.0,13.92,-28.439999,-30.539999,-13.602416,-93,-88,0,0,-76,0,0,0,17,0,0
24.7896689,120.9946595,9.960000038146973,279.2024230957031,0.0,-12.54,-30.06,-29.22,-135.75931,-93,-88,0,0,-76,0,0,0,17,0,0
24.7892731,120.9941388,9.958999633789062,210.28294372558594,0.0,-15.54,-39.48,-7.3199997,161.40639,0,0,0,-81,-78,-81,0,0,17,0,0
24.7892731,120.9941388,9.958999633789062,210.28294372558594,0.0,-1.3199999,-40.559998,-16.56,157.25624,0,0,0,-81,-78,-81,0,0,17,0,0
24.7892731,120.9941388,9.958999633789062,210.28294372558594,0.0,22.5,-38.7,14.759999,115.84966,0,0,0,-81,-78,-81,0,0,17,0,0
24.7892731,120.9941388,9.958999633789062,210.28294372558594,0.0,1.74,-35.64,26.279999,139.9589,0,0,0,-81,-78,-81,0,0,17,0,0
24.7892541,120.994136,9.918999671936035,208.33023071289062,0.0,-12.9,-38.34,-13.559999,146.32909,0,0,0,-81,-78,-81,0,0,17,0,0
24.7892541,120.994136,9.918999671936035,208.33023071289062,0.0,2.22,-40.079998,-14.94,-158.96863,0,0,0,-81,-78,-81,0,0,17,0,0
24.7892391,120.9941313,9.935999870300293,207.28817749023438,0.0,14.94,-34.92,19.859999,131.32204,0,0,0,-81,-78,-81,0,0,17,0,0
24.7892391,120.9941313,9.935999870300293,207.28817749023438,0.0,-9.36,-33.48,21.42,145.99576,0,0,0,-81,-78,-81,0,0,17,0,0
24.7892391,120.9941313,9.935999870300293,207.28817749023438,0.0,-10.74,-38.219997,-10.0199995,154.26071,0,0,0,-81,-78,-81,0,0,17,0,0
24.7892204,120.9941318,9.996999740600586,204.57180786132812,0.0,5.7599998,-42.059998,-2.8799999,-173.92572,0,0,0,-81,-78,-81,0,0,17,0,0
